SiteID,lon,lat,Gtable,Gtable_std,Gtable_closure,Gtable_closure_std,Gtable_CV,years_1,years_2,years_3,years_4,years_5,years_6,years_7,years_8,years_9,years_10,years_11,years_12,years_13,years_14,years_15,years_16,years_17,years_18,years_19,years_20,years_21,years_22,years_23,years_24,years_25,years_26,Gseas_amp
AR-SLu,121.9717,31.5169,4.77827069840029,0,37.1632882387308,0,0,0,0,0,0,0,0,0,0,0,0,0,0,0,0,0,0,0,0,0,0,4.77827069840029,0,0,0,0,0,6.89639896467183
AT-Neu,11.3175001144409,47.1166687011718,0.502873413839927,0.608455618724628,-0.960783045140218,2.42564186158855,1.20995781836721,0,0,0,0,0,0,0,0,0,0,0,0,4.25977152696027,0,1.56568186486474,0,0.385062312698971,1.35357945303347,0.0994959049802699,0.180326504600286,0.049908103431173,0.0180741038675252,0.370859063242981,0,0,0,7.10067825910591
AU-ASM,133.249,-22.283,0.451239699232605,0.339989456014207,-13.9958426975515,1.15401759152353,0.753456436994362,0,0,0,0,0,0,0,0,0,0,0,0,0,0,0,0,0,0,0,0,0,0.177741342307036,0.171172115055282,0.586033828532292,0.870011511035811,0,4.88218003054648
AU-Ade,131.1178,-13.0769,1.020765613875,0,-4.10655353156458,0,0,0,0,0,0,0,0,0,0,0,0,0,0,0,0,0,0,0,0,1.020765613875,0,0,0,0,0,0,0,2.81237469394846
AU-Cpr,140.58912,-34.00206,0.386046575948864,0.0405965216352689,10.6753190999951,3.86316817765315,0.105159646955776,0,0,0,0,0,0,0,0,0,0,0,0,0,0,0,0,0,0,0,0,0,0.340564104287795,0.398959986608851,0.418615636949947,0,0,6.13786449336419
AU-Cum,150.722466,-33.613297,-0.933497023458089,1.02424280464856,-16.6401001669205,1.79953120427124,-1.09721057369236,0,0,0,0,0,0,0,0,0,0,0,0,0,0,0,0,0,0,0,0,0,0,0,-1.65774605620661,-0.209247990709566,0,4.09716334261912
AU-DaP,131.3181,-14.0633,-0.423793457900105,0.678475253985129,-9.11205319853955,7.78208974965817,-1.60095735631921,0,0,0,0,0,0,0,0,0,0,0,0,0,0,0,0,0,0,-1.00712207407535,0.744099385879961,-0.742753344372146,-0.562094259504447,-0.551096997428543,0,0,0,5.24366639120148
AU-DaS,131.388,-14.159283,1.80912140810249,0.90838130209727,12.0474491280645,10.8782546235875,0.50211185276395,0,0,0,0,0,0,0,0,0,0,0,0,0,0,0,0,0,0,2.28717810251443,2.7053057224341,2.45438488840169,1.76550767007339,0,1.42274031617235,0.219611749018998,0,4.88284566450788
AU-Dry,132.3706,-15.2588,1.46915742782092,0.731952998244671,-8.14372820039801,3.09448577986481,0.498212774467822,0,0,0,0,0,0,0,0,0,0,0,0,0,0,0,0,0,0,0,0,1.5982203961202,0,2.12799462857525,0,0.681257258767313,0,4.67397986234927
AU-Emr,121.9717,31.5169,1.40378068944076,0.00283403769212283,-23.9964612794525,9.38095202127264,0.00201886071908558,0,0,0,0,0,0,0,0,0,0,0,0,0,0,0,0,0,0,0,0,0,0,1.405784656711,1.40177672217052,0,0,6.2703888457338
AU-Fog,131.3072,-12.5452,0.261783164370565,0,18.5263029927509,0,0,0,0,0,0,0,0,0,0,0,0,0,0,0,0,0,0,0,0.261783164370565,0,0,0,0,0,0,0,0,4.45622645465311
AU-GWW,121.9717,31.5169,0.59959280582595,0.138906508915953,NaN,NaN,0.231668071341527,0,0,0,0,0,0,0,0,0,0,0,0,0,0,0,0,0,0,0,0,0,0,0,0.50137107142053,0.697814540231369,0,5.79219066417089
AU-Gin,115.65,-31.375,1.48944715473035,0,2.07286842098142,0,0,0,0,0,0,0,0,0,0,0,0,0,0,0,0,0,0,0,0,0,0,0,0,0,0,1.48944715473035,0,5.92550518245546
AU-How,131.15005,-12.4952,0.92699552960232,0.572259397070724,-18.762691185344,3.66546041903195,0.617327029954743,0,0,0,0,0,0,0,0,0,0,0,0,0,0,0,1.82283827010291,0,0,0,0,0.696963089314856,0.941480736097491,1.29352272463866,0.180554967600447,0.626613389859551,0,2.71771140156148
AU-Rig,145.576,-36.656,0.956174831476231,0.813765967537457,NaN,NaN,0.851063990338556,0,0,0,0,0,0,0,0,0,0,0,0,0,0,0,0,0,0,0,0,0,0.380755397531663,0,0,1.5315942654208,0,6.23104576887461
AU-Rob,121.9717,31.5169,-0.926037160490836,0,-8.99004006488002,0,-0,0,0,0,0,0,0,0,0,0,0,0,0,0,0,0,0,0,0,0,0,0,0,0,0,-0.926037160490836,0,6.04516328253433
AU-Stp,133.3503,-17.1508,2.66760774551476,0.712584449443832,-0.689124757809742,3.15382695453345,0.267124898944364,0,0,0,0,0,0,0,0,0,0,0,0,0,0,0,0,0,0,0,0,2.32271492199334,3.48701884162982,2.1930894729211,0,0,0,6.32538814836293
AU-TTE,133.64,-22.287,2.44614332577507,0.511622900263297,16.3626170580691,1.47752375457816,0.209154915360974,0,0,0,0,0,0,0,0,0,0,0,0,0,0,0,0,0,0,0,0,0,0,0,2.80791534796158,2.08437130358857,0,5.32168798050009
AU-Wac,145.18725,-37.429,0.37420437303161,0,-33.1989434998502,0,0,0,0,0,0,0,0,0,0,0,0,0,0,0,0,0,0,0,0,0.37420437303161,0,0,0,0,0,0,0,1.18694646546168
AU-Whr,145.0294,-36.6732,0.707978637784007,0.27750905489624,-8.52409463877872,1.04771727506704,0.391973768819991,0,0,0,0,0,0,0,0,0,0,0,0,0,0,0,0,0,0,0,0,0,0,0.511750103226206,0.904207172341809,0,0,5.74626665383585
AU-Wom,144.0944,-37.4222,0.0464924097159519,0.825468181223029,-2.36540619189227,1.51829312559738,17.7549020639342,0,0,0,0,0,0,0,0,0,0,0,0,0,0,0,0,0,0,0,0,-0.96375678141696,0.00361580500930551,0.0897260449753043,1.05638457029616,1.59957335177343,0,5.95694517526687
AU-Ync,146.291606,-34.988282,4.65235685500349,1.24862755975479,8.14809275740842,15.690448291922,0.268386024260353,0,0,0,0,0,0,0,0,0,0,0,0,0,0,0,0,0,0,0,0,0,0,0,3.76944384032447,5.53526986968252,0,6.27682698219076
BE-Bra,4.520555556,51.30916667,-0.0452352005375249,0.111266218024423,4.43001500665865,9.95578850146104,-2.45972642327787,0,0,0,0,0,0,0,0,0.142958884335097,0.172970373447046,0.872596750382664,-0.073128953999476,0,0,0,0,-0.166690133698948,-0.373194323511872,-0.281768472078145,-0.15070110039508,-0.346585503833469,-0.0539555374842645,-0.16689845069952,-0.182225806043734,-0.0913492951439015,0,5.68294142174025
BE-Lon,4.7461305,50.551586,0.551315146643128,0.0583728061089775,3.79060994874176,0,0.105879198974308,0,0,0,0,0,0,0,0,0,0,0,0,0,0,0,0.510039339606583,1.64369601198547,1.51844158858295,1.15139487035984,-1.22196022510352,-1.91312982902471,0.592590953679674,0,0,0,0,6.7305254103359
BR-Sa3,-54.97143509,-3.01802927,-0.519449580837479,0.105683262272432,-13.0769716184544,2.74427125583319,-0.203452396866015,0,0,0,0,0,0,0,0,0,0,0,-0.524957191278439,-0.411120202708458,-0.62227134852554,0,0,0,0,0,0,0,0,0,0,0,0,0.599456437591181
CA-Gro,-82.1555,48.2173,0.409425751318831,0.102211517887619,-9.53632698757081,2.05817082648888,0.249646040969279,0,0,0,0,0,0,0,0,0,0,0,0,0,0,0.301380674507672,0.534142981553292,0.352241374339756,0.343297676481907,0.428517303305113,0.239115711938898,0.546464653130904,0.389931105536712,0.499329734685975,0.459836297708083,0,0,6.81486669480478
CA-Obs,-105.11779,53.98717,-0.362948299513853,0,NaN,NaN,-0,0,0,0,0,0,0,0,0,0,-0.362948299513853,0,0,0,0,0,0,0,0,0,0,0,0,0,0,0,0,3.78311285809628
CA-Qfo,-74.34204,49.69247,0.204226120497894,0.0609547202025077,-8.23986441580849,4.67475681488419,0.29846681733905,0,0,0,0,0,0,0,0,0,0,0,0,0,0,0.18671047747306,0.272532543359711,0.140167749785733,0.28694221571385,0.180634023923389,0.15836971273162,0,0,0,0,0,0,5.56971642218404
CA-SF1,-105.81735,54.48495,0.878020823461241,0.661220430698632,-14.359103384682,1.23869675639593,0.75308057967468,0,0,0,0,0,0,0,0,0,0,0,0,0,0,0.410467373055149,1.34557427386733,0,0,0,0,0,0,0,0,0,0,6.84763031802098
CA-SF2,-105.8775,54.25392,0.301165803288611,0.386772787585123,-23.9757161519603,0.899281414277355,1.28425200790301,0,0,0,0,0,0,0,0,0,0,0,0,0,0.574655464168476,0.0276761424087464,0,0,0,0,0,0,0,0,0,0,0,6.57236338105375
CA-SF3,-106.00526,54.09156,2.61186133918041,0.919279986016845,-26.4355908902334,2.43235198299882,0.35196354884035,0,0,0,0,0,0,0,0,0,0,0,0,0,3.67302206895218,2.10428362379006,2.05827832479898,0,0,0,0,0,0,0,0,0,0,6.68779059778422
CA-TP1,-80.55951944,42.66093611,0.521376714206294,0.959381308817338,-6.66904760440917,8.50999672861547,1.84009236062226,0,0,0,0,0,0,0,0,0,0,0,0,3.32599460968118,0.993721597071021,0.986255157851206,0.98805796386546,1.24166146193356,1.57121409974984,2.02923958922098,0.715267525775405,0.104569524316222,-0.0724969148324343,-0.699409253658901,-0.906567437461233,-0.694992743355602,0,6.56903849091271
CA-TP2,-80.458775,42.77441944,0.6325767288764,0.41149725794048,-13.5999642619405,12.0526219776817,0.650509636469544,0,0,0,0,0,0,0,0,0,0,0,0,1.12879469077079,0.241827874273274,0.0736207410716793,0.854069586186849,0.920811276803665,0.576336204152143,0,0,0,0,0,0,0,0,5.30762796498115
CA-TP3,-80.34831389,42.70681111,-0.12526182312977,0.000614705323968145,-6.63430079401799,1.88924660088278,-0.00490736370115992,0,0,0,0,0,0,0,0,0,0,0,0,0,0.839626016031428,0.219741306777849,0.315099342985829,0.147749872031154,0,-0.12482716082676,-0.407253473072152,-0.151931407491098,-0.125696485432779,-0.375678881370247,-0.550603386788968,-0.303412085114188,0,6.116023046355
CA-TPD,-80.557561,42.635312,-0.31748591058138,0.170231542380429,6.13630234094338,1.44387941033612,-0.536186132067095,0,0,0,0,0,0,0,0,0,0,0,0,0,0,0,0,0,0,0,0,0,0,-0.355140012026168,-0.465737896558713,-0.131579823159257,0,5.42923579209007
CH-Cha,8.410444444,47.21022222,-0.869060959329363,0.825239747428828,-9.88891191892574,2.50477717393065,-0.949576365811726,0,0,0,0,0,0,0,0,0,0,0,0,0,0,0,0,0.616569615213176,-0.87288059786998,-1.15168326726453,0,-1.91231538060285,-1.04077643645696,-0.85327968899503,0,0,0,6.53776206784719
CH-Dav,9.855916667,46.81533333,-0.0400124472146308,0.228844087677807,-8.50330891011179,22.5738862518036,-5.7193224510929,0,0,0,0,0,0,0,0,0,0.402620401177098,0.1629274065016,-0.120794676967224,0.0996328810243855,0.0518041550792584,-0.0850849220008418,-0.386927739270992,-0.0576136616402867,-0.199319172500391,-0.267369143548913,2.30793398575,2.12228415881659,0,0,0,0,0,5.66682769014659
CH-Fru,8.537777778,47.11583333,-1.19653178385658,0.533890464210036,-11.1292188080686,3.96327830721607,-0.446198313670564,0,0,0,0,0,0,0,0,0,0,0,0,0,0,0,0,-0.521665768135114,-0.585146360525291,-0.88644219245621,-1.31920736812974,-1.66125905044394,-1.85073978060016,-1.55126196670559,0,0,0,6.34518988261383
CN-Du3,116.281,42.0551,-0.820454434808019,0.628585634578537,-12.4528459257371,3.40289071111735,-0.766143259041097,0,0,0,0,0,0,0,0,0,0,0,0,-0.375977270041086,0,-1.26493159957495,0,0,0,0,0,0,0,0,0,0,0,6.73386592858392
CZ-wet,121.9717,31.5169,-0.0864900534609599,0.0292791106168466,10.8210930817909,0,-0.338525754641401,0,0,0,0,0,0,0,0,0,0,0,0,0,0,0,0,0,0,0,0,0,0,-0.107193511125243,-0.0657865957966766,5.67644533069581,0,5.7278877063036
DE-Geb,10.9143,51.1001,1.36075756025026,0.820941275202502,-0.269862269577248,4.3882422462246,0.603297236174473,0,0,0,0,0,0,0,0,0,0,0,0.20976454866594,2.15681851838518,2.82922871485633,0.968181890478905,0.302944025005171,1.87144775048612,1.18820943425847,0.937560964085609,1.77026625319321,0.454773950866189,2.05379580323408,2.3454589058612,1.27844931762488,0.683705766502389,0,6.72410896580595
DE-Gri,121.9717,31.5169,-0.788829386055668,0.830776265670636,4.06050756004219,4.67502512249558,-1.05317611178852,0,0,0,0,0,0,0,0,0,0,0,0,0,0,0.311234358543075,-1.05688780094056,-0.109992197845997,-1.42983121844437,-1.60219800514982,-1.51291685943657,-1.49401165431454,-1.05447596115078,-1.09386051119393,-0.528737549203149,0.894554152524292,0,6.38373486830162
DE-Hai,121.9717,31.5169,-0.08227055313792,0.171296065478993,4.11944767259882,12.8517242331664,-2.08210664624837,0,0,0,0,0,0,0,0,0,0,-0.104452858271921,-0.292960701470052,-0.042216977088363,0.283736635575278,0,-0.0830984075498358,0.0513350237438269,-0.464858258884853,-0.302249820402299,-0.131668121615002,-0.451629519786534,-0.0160618504179616,-0.185068453882871,0,0,0,6.07372565611506
DE-Kli,121.9717,31.5169,-0.225320201901029,0.32420672071646,-2.32932709949529,7.85848558633614,-1.43887107317109,0,0,0,0,0,0,0,0,0,0,0,0,0,0,0,-1.52096926342326,0,0,0,-0.76138996325023,0.100786648543948,-0.207935794776112,-0.0662692322977594,0,-0.191792667724991,0,6.93798428172897
DE-Lkb,13.30466667,49.09961667,0.488421400996897,0.387524886815004,-16.8807127632257,1.28036602381392,0.793423232528394,0,0,0,0,0,0,0,0,0,0,0,0,0,0,0,0,0,0,0,0,0.935855117183355,0.26998091624754,0.259428169559794,0,0,0,6.13384587305606
DE-Lnf,10.3678,51.3282167,-0.0103488276120346,0.12920886500057,-4.48049143574092,2.34009002722158,-12.4853625786862,0,0,0,0,0,0,0,0,0,0,0,0,0,-0.135938595865007,-0.369767488794697,0.0335529318247951,0.175114324650111,0,0,0,-0.394928824778119,0.00594845148179498,-0.130421250151867,0,0,0,5.99238051252603
DE-Obe,13.7196306,50.7836167,-0.263245245550527,0.125386983059563,-5.74340407755028,5.04183972773655,-0.476312431768105,0,0,0,0,0,0,0,0,0,0,0,0,0,0,0,0,0,0,-0.299485124855675,-0.106798577063723,-0.372617007273645,-0.106615444444408,-0.25494391824516,-0.442044836081847,-0.26021181088923,0,5.49309782941885
DE-RuR,6.3041256,50.6219142,-0.683143898610717,0.112709770076961,-5.45760542430426,1.74471694089833,-0.164986864855523,0,0,0,0,0,0,0,0,0,0,0,0,0,0,0,0,0,0,0,0,0,0,0,-0.762841741338113,-0.60344605588332,0,5.81459344848959
DE-RuS,6.4471689,50.8659122,-2.48085438319901,0,-9.79679364533505,0,-0,0,0,0,0,0,0,0,0,0,0,0,0,0,0,0,0,0,0,0,0,0,0,0,-2.48085438319901,0,0,6.13201325540918
DE-Seh,6.44965306,50.8706233,0.474588537616402,0,-15.3531654607222,0,0,0,0,0,0,0,0,0,0,0,0,0,0,0,0,0,0,0,0,0,0.474588537616402,0,0,0,0,0,0,5.73932299251639
DE-Tha,13.56694444,50.96361111,-0.20738052905237,0.283644234298756,-10.354881963656,7.84995245220789,-1.36774766461863,0,0,0,0,0,0,0,0.231772576427848,-0.200291478390491,0.033299145622691,-0.0413807405785358,-0.614290893849076,-0.403586312177013,0.116650833543322,-0.136685193618948,-1.003822482399,-0.0389084621223688,-0.960996854543787,-0.443744734946945,-0.0730328391575646,-0.874389112345833,-0.00535868006502138,-0.30893088594624,-0.226706864061674,-0.332504823172071,0,6.72314372207142
DE-Zrk,12.88901,53.875943,-0.960030366997782,0,-13.1648413657009,0,-0,0,0,0,0,0,0,0,0,0,0,0,0,0,0,0,0,0,0,0,0,0,0,0,0,-0.960030366997782,0,4.815654857717
DK-Eng,12.19175,55.69052778,0.418265305420266,0,-2.19052643436799,0,0,0,0,0,0,0,0,0,0,0,0,0,0,0,0,0,0,0,0.418265305420266,0,0,0,0,0,0,0,0,5.61029199894244
DK-Sor,11.6446444,55.4858694,-0.581300603638619,0.28311885264794,8.08935188510703,4.2303089801112,-0.487043796059686,0,0,0,0,0,0,0,0,0,0,0,0,0,0,-0.544278132219629,-0.418364691958666,-0.0719929394001926,-0.892883877616662,-0.561472626100563,-0.466800873944061,-1.07101810377766,-0.361016263604808,-0.731084838020386,-0.694093689743567,0,0,6.40074663279815
ES-Amo,-2.252318,36.833608,-1.64924995482703,0.980529528086013,-22.2213815458724,3.42648190362781,-0.594530577500517,0,0,0,0,0,0,0,0,0,0,0,0,0,0,0,0,0,0,0,-0.738129317796175,-1.2019558521763,-1.64601453059492,-3.01090011874071,0,0,0,6.29655142387723
ES-LJu,-2.752115,36.926594,-4.68110960099734,1.14640053660398,-32.4369618745243,7.16227596049958,-0.244899315401574,0,0,0,0,0,0,0,0,0,0,0,0,0,0,0,-2.98086811456051,-3.34420643158568,-3.38471349090704,-6.25078885706194,-5.37025975734171,-5.14332145410155,-5.02887587020096,-5.1110876069577,-5.51586482625896,0,0,5.86588217333626
FI-Hyy,24.295,61.8475,-0.00679087490452483,0,-3.2861778733255,0,-0,0,0,0,0,0,0,0,0,0,0,0,0,0,0,0,0.705670775009285,0.849737392438371,-0.00679087490452483,0.0669226423203678,-0.419718825049281,0.110792880109274,0.239078668299723,-1.07582936485182,-0.330215354289179,-0.209598297572785,0,6.95892276501929
FI-Jok,23.51345,60.8986,-0.521078057953432,0.127000990836321,3.89957449586982,4.67682568354089,-0.24372738191112,0,0,0,0,0,0,0,0,0,0,-0.494823844665467,-0.659154309800091,-0.409256019394737,0,0,0,0,0,0,0,0,0,0,0,0,0,5.35421774715447
FI-Let,23.9597,60.641833,0.0742850486086422,0.0300371477115163,-8.90322084676378,1.08005204279185,0.404349842587594,0,0,0,0,0,0,0,0,0,0,0,0,0,0,0,0,0,0,0,0,0.0530455777743271,0.0955245194429573,-0.631830114732005,0,0,0,5.45589331302747
FI-Lom,24.20918333,67.9972,0.193826387298933,0.0888636803162732,-5.39054941220164,0.562611217980255,0.458470498029875,0,0,0,0,0,0,0,0,0,0,0,0,0,0,0,0,0,0.130990276346103,0.256662498251763,0,0,0,0,0,0,0,4.12219193350889
FI-Sod,121.9717,31.5169,0.657005908638708,0.185660940488111,4.11360844971539,0.0707444050689317,0.282586409112809,0,0,0,0,0,0,0,0,0,0,0,0.468702145218604,0.530375051036009,0.870156023512076,0.906613881072407,0.549978901572448,0,0.616209449420702,0,0,0,0,0,0,0,0,5.68470533424077
FR-Gri,121.9717,31.5169,0.0675526095388995,0.410086916520214,-17.7861477358503,5.00522642758168,6.07063027349179,0,0,0,0,0,0,0,0,0,0,0,0,0,0,0,0.633045794201943,0.12468612890338,-0.335860328316794,0.734204102783178,1.86470138969789,-0.314772974141381,-0.180209157404905,-0.0023878915158249,-0.1182847981984,0,0,6.21236215736643
FR-LBr,121.9717,31.5169,2.45043517538287,1.04604265559567,-6.14477025815363,16.4770470579968,0.426880362355323,0,0,0,0,0,0,0,0,0,0,0,4.17342206800139,2.39208677168672,2.65699772266399,1.73748508437055,0,3.32155863140361,1.77051717259417,1.10097877695968,0,0,0,0,0,0,0,7.76165832465892
FR-Pue,3.595833,43.74139,-0.114718242415376,0.312109963204559,-7.83489230463899,3.77336539799337,-2.72066548992669,0,0,0,0,0,0,0,0,0,0,0,0,0,0,0,0,-0.17939826682352,-0.604200596668224,-0.438034116167219,-0.236309671575283,-0.120989473964633,0.401140316453774,0,0,0,0,6.12427507750867
GH-Ank,-2.69420592,5.26854275,-0.473541342159923,0.249122138833705,-7.60157596107763,5.79812160406885,-0.5260831877897,0,0,0,0,0,0,0,0,0,0,0,0,0,0,0,0,0,0,0,0,0,-0.731625055350252,0,-0.454528744384852,-0.234470226744666,0,1.87393271459684
IT-CA1,12.02656111,42.38041111,1.98026190377356,0.735679996150367,NaN,NaN,0.371506412736854,0,0,0,0,0,0,0,0,0,0,0,0,0,0,0,0,0,0,0,0,0,0,0,2.50046621783477,1.46005758971234,0,5.93104624960833
IT-CA3,12.0222,42.38,0.256637299536513,0.218842226286678,-11.3310911395734,0.119761095567566,0.852729617564972,0,0,0,0,0,0,0,0,0,0,0,0,0,0,0,0,0,0,0,0,0,0,0.411382121753784,0.101892477319242,0,0,5.44894727560403
IT-Col,13.58814,41.84936,-0.268200417798274,0.176089959133897,2.70106525578057,6.98969240212564,-0.656561091811357,0,0,0,0,0,0,0,0,0.0167592681756505,-0.219766035298096,-0.2625661483059,0,0,0,0,-0.151779507805376,0,0,0,0,0,-0.410242754455016,0,-0.325846855770852,-0.523960891128327,0,5.53075268870853
IT-Cp2,12.3572931289673,41.7042655944824,-0.574005266304104,0,NaN,NaN,-0,0,0,0,0,0,0,0,0,0,0,0,0,0,0,0,0,0,0,0,0,0,0,0,-0.574005266304104,0,0,2.63156730220273
IT-Cpz,121.9717,31.5169,-0.322993316676019,0.270814763460999,11.6003760307994,5.46700856621736,-0.838453148962961,0,0,0,0,0,0,0,-0.781708892328388,0,0,0,-0.383907464830732,-0.23850940947754,-0.0836798725785118,-0.0828082484911218,-0.282806777049587,-0.0296103818880854,-0.725725501592934,-0.298183301847274,0,0,0,0,0,0,0,5.16399524928002
IT-Isp,8.633579,45.812643,-0.0819319139024084,0,-5.6551679276447,0,-0,0,0,0,0,0,0,0,0,0,0,0,0,0,0,0,0,0,0,0,0,0,0,0,-0.0819319139024084,0.208897277388594,0,4.7179946714771
IT-Lav,11.28132,45.9562,-0.0615702750932197,0.115947549289982,-25.0347214473178,2.39402058641703,-1.88317413093304,0,0,0,0,0,0,0,0,0,0,0,0,0,0,0,0.00483256638972577,-0.0212319433002202,-0.450889966058206,-0.19812023948549,-0.123418435385608,-0.117447172797924,0.403802342514162,-0.505076502370194,-0.12591571969288,0.150309018619858,0,6.3579919349912
IT-MBo,11.045831,46.014678,0.0282228417282389,0.565258663825288,1.73001818007798,5.18760335764588,20.028410649368,0,0,0,0,0,0,0,0,0,0,0,0,0,0,0,-0.786629123000997,-1.66315084355616,-2.21175021044808,0.386366902865146,-0.240695990633932,-0.0324656042880611,0.590369595709316,0.7351675890763,-0.454553477630099,0,0,6.65361179087906
IT-Noe,121.9717,31.5169,1.19137222089452,0.389418027566362,3.9898947866324,7.7242074140631,0.32686512303768,0,0,0,0,0,0,0,0,0,0,0,0,0,0,0,0.67732351527101,1.16581959845031,1.04618553110948,18.5240443248237,2.02155452954949,1.40251950642905,1.34411346232826,0.901645114124532,0.90547914990893,1.25770958087962,0,7.46528274966769
IT-PT1,121.9717,31.5169,-0.131620271313225,0,-4.55538292690443,0,-0,0,0,0,0,0,0,0,0,0,0,0,0,0,0,-0.131620271313225,0,0,0,0,0,0,0,0,0,0,0,5.29572447584293
IT-Ren,11.43369,46.58686,-0.269143936809832,0.350161608131285,-25.8625226134727,37.9954713705646,-1.3010198642472,0,0,0,0,0,0,0,0,0,0,-0.0511848209653935,-1.06240797964407,-0.190110223204075,0,0,-0.860078090651164,-0.0795217503098391,-0.603176480230294,-0.139632452660878,-0.302089305183678,-0.211050010609586,0.448637117158012,-0.636157888812358,-0.336219399438897,0,0,6.31751942017131
IT-Ro2,11.92093,42.39026,0.0523621422930042,0.117505634296374,-2.05295707552991,15.5334454077802,2.24409524039038,0,0,0,0,0,0,0,0,0,0,0,0,0.127666848738368,0,-0.691712825434887,0.061316047432585,0.995105812621233,0,0.0350719798215593,0,0,0.172073852455293,-0.134318016982783,0,0,0,4.91780966693585
IT-SR2,10.290954,43.732026,0.121317448085879,0,14.6739088606346,0,0,0,0,0,0,0,0,0,0,0,0,0,0,0,0,0,0,0,0,0,0,0,0,0,0,0.121317448085879,0,4.47477814017886
IT-SRo,121.9717,31.5169,-0.322111426934733,0.399106434782928,8.6065132128049,11.738650348178,-1.2390322149726,0,0,0,0,0,0,0,0,0,0,-0.841601253847446,-0.638640621932406,-1.87780891744673,-0.211310120394573,-2.68427995064928,-0.913878351735887,0.369785543748498,-0.0555977888787614,-0.117086208865816,-0.105832974707253,-0.387343832911734,-0.650642534966626,0.00892244820994655,0,0,0,5.8774122839561
IT-Tor,121.9717,31.5169,0.376833774379995,0.192659765543669,-16.9865320657678,6.16485553722856,0.511259283647418,0,0,0,0,0,0,0,0,0,0,0,0,0,0,0,0,0,0,0,0.231874325269371,0.344808980549284,0.575216512232933,0.621722059130554,0.123753338994108,0.363627430103717,0,5.90278075978729
MY-PSO,102.3062,2.973,-0.911595838934803,0.152655910246401,1.89968317823302,0.60268881682919,-0.167460077949433,0,0,0,0,0,0,0,0,0,0,0,0,0,-0.824864340814234,-0.707157261884512,-0.836152365951516,-1.06127493693391,-1.10224811145324,-0.811343229503056,-1.03813062600315,0,0,0,0,0,0,1.41921297560638
NL-Hor,5.071301,52.24035,-0.804500420031481,0.379821904710891,17.7840145694521,17.6699372020266,-0.472121449850863,0,0,0,0,0,0,0,0,0,0,0,0,0,0,0,-0.900515655406775,-0.447539206267067,-1.22612437372737,0,-0.474610715317674,-1.26578445150601,-0.512428117963994,0,0,0,0,5.25865026054539
NL-Loo,5.743556,52.166581,-0.143493276454804,0.133797156178442,4.47476302658737,6.06713241933434,-0.932428051572048,0,0,0,0,0,0,0,-0.036093819526556,0,0.411040472278763,0,0,0.106144949737978,-0.382276990575484,-0.298408914103271,-0.228111788055155,-0.0521430609263911,-0.18603039088265,-0.168870117050033,-0.213129731484736,-0.460653951052867,-0.0943117746202423,-0.149519999073044,-0.197430424880526,0.0347694675276607,0,5.95455063443613
NO-Adv,15.923,78.186,-0.159465319891901,0,6.24569466863483,0,-0,0,0,0,0,0,0,0,0,0,0,0,0,0,0,0,0,0,0,0,0,0,0,0,0,-0.159465319891901,0,6.55981786889198
RU-Che,121.9717,31.5169,-1.26379076424072,0,NaN,NaN,-0,0,0,0,0,0,0,0,0,0,0,0,0,0,-1.26379076424072,0,0,0,0,0,0,0,0,0,0,0,0,4.04759560437146
RU-Fyo,121.9717,31.5169,0.224434550435368,0.157734961995434,1.37721998030438,8.3682226589442,0.702810515089825,0,0,0,0,0,0,0,0,0,0.399255284675566,0.119413358232147,0.10566018625192,-0.148343817778197,0.519397799733417,0.202661763568648,0.265701394248266,0.336040292150819,0.161658706332152,0.250149466203246,0.182107696433802,0.210482480281859,0.290837130368343,0.308276763792238,0.362654095295194,0.0250002071764701,0,6.24710130580136
RU-SkP,129.168,62.255,0.0910664391874616,0.100247551168058,NaN,NaN,1.10081773332211,0,0,0,0,0,0,0,0,0,0,0,0,0,0,0,0,0,0,0,0,0,0,0.0201807159591827,0.161952162415741,0,0,4.24567442261274
SD-Dem,30.4783,13.2829,0.615987637871417,0.467899039344063,-68.7050117521733,28.1606357793836,0.759591606352551,0,0,0,0,0,0,0,0,0,0,0,0,0,0,0,0,0.675489702274279,0,0.121183770749108,1.05128944059086,0,0,0,0,0,0,3.78813385243975
SN-Dhr,-15.43222,15.40278,2.87937976471757,0.141982459946884,-13.800903816335,3.85693831381921,0.0493100846531824,0,0,0,0,0,0,0,0,0,0,0,0,0,0,0,0,0,0,0,0,0,0,2.77898300447958,2.97977652495556,0,0,4.07489562072944
US-AR1,-99.42,36.4267,0.538770931018935,0.809244538788526,-15.8963235229338,2.59254689861896,1.50201967514852,0,0,0,0,0,0,0,0,0,0,0,0,0,0,0,0,0,0,0,0,1.46243369257326,-0.0455841239907142,0.199463224474256,0,0,0,6.04177595896355
US-AR2,-99.5975,36.6358,-0.673008126707966,0.0640003805262153,2.2003958489675,3.37548132204304,-0.0950959995673077,0,0,0,0,0,0,0,0,0,0,0,0,0,0,0,0,0,0,0,0,-0.718263229776572,-0.62775302363936,0,0,0,0,6.91430010114186
US-ARM,-97.4888,36.6058,-4.25346995106419,2.9263588070631,-7.85249804433841,5.01560400617566,-0.68799329505806,0,0,0,0,0,0,0,0,0,0,0,0,0,-2.66311262185066,0,-7.517715565278,-6.47262797863035,-7.80764761656948,0,0,-2.67925856683243,-0.640281244766344,-1.99364606352205,0,0,0,7.32479240795916
US-Atq,-157.4089444,70.46961111,2.01217220749794,1.15563580557297,3.61480393808397,4.82863804080666,0.574322516366511,0,0,0,0,0,0,0,0,0,0,0,0,0,0,1.36091693514185,1.54339606091796,3.74166699978253,1.40270883414941,0,0,0,0,0,0,0,0,7.13349823690058
US-Blo,-120.63275,38.89525,0.841995087087343,0.452489562398789,-11.985969403514,4.01653305250793,0.537401665803129,0,0,0,0,0,0,0,0,0,0,0.594882489349621,1.23583409699696,1.35237444518247,1.03909515941845,0.676396315825613,0.971220163394528,0.0241629394437665,0,0,0,0,0,0,0,0,0,6.4845742699201
US-CRT,-83.3471,41.6285,1.75850799957289,0.905694860427647,17.0532771195632,2.23587264221267,0.515035962672688,0,0,0,0,0,0,0,0,0,0,0,0,0,0,0,0,0,0,0,0,0,2.16573654619884,2.38910404944871,0.720683403071129,0,0,6.31533779443982
US-GBT,-106.2397,41.3658,0.345222028575817,0.169702126712051,-1.56347092153265,2.02899355071816,0.491573864542023,0,0,0,0,0,0,0,0,0,0,0,0.367460784207028,0,0.565373924919676,0.287502688730714,0.160550716445852,0,0,0,0,0,0,0,0,0,0,5.22948393633342
US-GLE,-106.2394,41.3644,0.338867246272996,0.227407014095434,-16.4102381741861,8.12972422703461,0.671079948258653,0,0,0,0,0,0,0,0,0,0,0,0,0,0,0,0.183063190471998,0,0,0,0,0,0.652414069841867,0.110643356562366,0.495967045210212,0.252248569278534,0,6.42356601136419
US-Goo,-89.8735,34.2547,-0.419257984991533,0,-8.40430621572631,0,-0,0,0,0,0,0,0,0,0,0,0,0,0,0,-0.589063855923439,-0.419257984991533,1.44778183921452,0,0,0,0,0,0,0,0,0,0,6.9944678821
US-IB2,-88.24103333,41.84061667,-0.129254070526524,0.33451889237297,12.0193112548662,2.64297142573499,-2.58807239888297,0,0,0,0,0,0,0,0,0,0,0,0,0,0,0,0.47085398928785,-0.590874884216319,-0.468864745995538,-0.363200369436391,-0.196301539546807,0.000545798587872737,-0.21855755605613,0,0,0,0,6.85269914760264
US-Ivo,-155.748,68.48647222,2.22764553099706,0.159025083365004,-0.897307976394156,1.89173434770717,0.0713870681633208,0,0,0,0,0,0,0,0,0,0,0,0,0,0,2.09697744945612,2.40470855855723,2.18125058497783,0,0,0,0,0,0,0,0,0,6.63914149560341
US-KS2,-80.67153396,28.60857739,-1.94129424006039,0.00127516411095158,6.05815118764274,0.292231025061982,-0.000656862872529777,0,0,0,0,0,0,0,0,0,0,0,0,0,0,-1.94219591725037,-1.94039256287041,0,0,0,0,0,0,0,0,0,0,4.85296297260196
US-LWW,-97.978895,34.9604,3.42183637355765,3.33381481238664,24.7951718262197,5.56941191981966,0.974276513672251,0,0,0,0,0,0,0,1.0644733124989,5.7791994346164,0,0,0,0,0,0,0,0,0,0,0,0,0,0,0,0,0,6.9880372787991
US-Los,-89.97919,46.08268,-7.30957916841815,2.28988187685554,-6.61323573474263,4.06873638099459,-0.313271369540566,0,0,0,0,0,0,0,0,0,0,0,-8.87744156557561,-10.5845528413727,-4.32538140280978,-5.53379212834784,-8.61867829387784,-9.10603173543339,-4.86729955526035,-6.56345582466767,0,0,0,0,0,0,0,7.09524312900891
US-Me2,-121.5574,44.4523,0.597886368606626,0.305624511146816,-19.0854397349287,15.8797362035647,0.51117491080968,0,0,0,0,0,0,0,0,0,0,0,0,0.968597867730202,0.988880160463604,0.917260446149013,0.178587001434758,0.439475186811956,0,0,0.248072689452125,0,0,0.47370468958749,0.494262551224963,0.672136724605526,0,6.04921886902101
US-Me4,-121.6224,44.4992,0.683495392554417,0,-4.72469765395123,0,0,0,0,0,0,0,0,0,0,0,0,0.683495392554417,0,0,0,0,0,0,0,0,0,0,0,0,0,0,0,4.21234065540835
US-Me5,-121.566756,44.43718949,1.39169862761626,0.322653905460176,9.51352037259324,9.32496830827074,0.231841793228486,0,0,0,0,0,0,0,0,0,0,1.75984066748548,1.15803807683692,1.25721713852637,0,0,0,0,0,0,0,0,0,0,0,0,0,5.52896732259183
US-NR1,-105.5464028,40.03287778,-0.221715733008536,0.159679551729218,-14.1368570407269,8.04714942614171,-0.720199462448929,0,0,0,0,0,0,0,0,0,0,-0.185042415768161,0.0268888605244462,-0.0770072768494762,0.0251927791050245,-0.489218061924295,-0.213058152121736,-0.296360065673981,-0.273836713451486,-0.358819319806267,-0.223850084672085,-0.093188340587131,-0.138901295549582,-0.387921360088885,-0.466504255739034,-0.174110292525388,0,5.68499187358384
US-Oho,-83.84376,41.55454,-0.908417292184704,0.880791922301233,-27.4762261675732,3.7772150639022,-0.969589559642757,0,0,0,0,0,0,0,0,0,0,0,0,0,0,-0.933198914083272,-0.840108094266574,-1.76247299643474,-1.60700544918041,-1.46386826841429,-1.19959450725001,-0.340647022536099,-1.92911967072778,0.665618372630607,0.326223628415527,0,0,5.88239600935137
US-Prr,-147.4876,65.1237,3.46693376118503,1.64502410269321,-11.8597895800166,3.30410826414609,0.474489625706297,0,0,0,0,0,0,0,0,0,0,0,0,0,0,0,0,0,0,0,0,0,5.00611541060975,1.73334387734593,0,3.6613419955994,0,8.51985214974992
US-SRC,-110.83948,31.908312,2.29023057822541,1.24184309796296,-26.4266877347621,0.732666410724484,0.542234965234466,0,0,0,0,0,0,0,0,0,0,0,0,0,0,0,0,0,0,0,3.10453624893359,1.76444232610498,1.17703544666172,4.05347654520265,1.3516623242241,0,0,6.9390472915668
US-SRG,-110.8277,31.7894,1.95165899041488,1.95607665977935,-11.853023694487,9.34160102737574,1.00226354572503,0,0,0,0,0,0,0,0,0,0,0,0,0,0,0,0,0,0,0,4.55842451438538,4.14680898486787,-0.244989345079906,0.634570320175334,1.56013763006758,1.055001838073,0,6.84364109699167
US-SRM,-110.86611,31.82143,1.72506798879796,0.393323013663596,-11.463239052042,2.78103009823654,0.228004354737153,0,0,0,0,0,0,0,0,0,0,0,0,0,0,1.72451235316934,2.45526252885583,1.91931662866115,2.01716655557667,1.52761316204975,2.082343031908,1.21777949757,1.902803965413,1.55424576198774,1.18045170679833,1.39425268478771,0,6.57210662311744
US-Syv,-89.34765,46.242017,0.243067549357751,0.347047552740623,-4.92920558781258,16.7985322252706,1.42778233317288,0,0,0,0,0,0,0,0,0,0,0,0,-0.0100800505395419,0.680550066847133,-0.181929353391444,0.63583840515413,0.155276587706561,0.178749640369667,0,0,0,0,0,0,0,0,6.88247198784405
US-Ton,-120.966,38.4316,0.886956185450334,0.569695910466421,-24.6586404542785,2.45912969035818,0.642304456309946,0,0,0,0,0,0,0,0,0,0,0,0,-3.69125751042706,1.44130888083504,1.56974767629678,0.977207840709213,0.859941430874528,0.980499155047563,1.40566249541707,1.02644489125555,0.618390808507006,-0.0525575790520372,0.797929904706729,-0.278800556552779,1.29769927735934,0,7.3617583940886
US-Tw3,-121.6467,38.1159,2.24047723263676,0,-16.2808377891712,0,0,0,0,0,0,0,0,0,0,0,0,0,0,0,0,0,0,0,0,0,0,0,0,0,0,2.24047723263676,0,5.49402147626791
US-Tw4,-121.6414,38.103,0.176627761556907,0,54.9144763753754,0,0,0,0,0,0,0,0,0,0,0,0,0,0,0,0,0,0,0,0,0,0,0,0,0,0,0.176627761556907,0,4.16797572725594
US-Twt,-121.6521,38.1055,0.44197241433141,0.527416049149459,-28.4248995169009,6.5496658369188,1.19332345650419,0,0,0,0,0,0,0,0,0,0,0,0,0,0,0,0,0,0,0,0,1.24866665416648,0.00272973205490734,-0.0114316360645935,0.312159950677429,0.657737370822824,0,5.84221057590897
US-Var,-120.9507333,38.40666667,1.37452215306498,0.923585849135588,-18.2840443297879,5.71043628772712,0.67193231267763,0,0,0,0,0,0,0,0,0,0,0,1.25227248806818,0.56556473557488,1.00840673646548,2.6003691750746,2.19408555747904,2.94140604545358,1.135343203165,1.5798359535563,0.142936118044888,0.470737264135288,-0.103769379299425,1.28817755177708,1.9748832854636,2.19306140795125,0,7.66621058401752
US-WCr,-90.07985917,45.80592667,6.24785830937072,3.02530813277657,-6.78407067247038,4.54826508692368,0.484215227518704,0,0,0,0,0,0,0,0,0,0.224984288761599,6.77800081612607,9.53624132126104,8.06402889821824,8.48539900278112,8.55226911425293,7.99791441880786,0,0,0,0,0,6.39144827053454,3.32045132651428,3.12784563644956,0,0,7.34681424602168
US-Whs,-110.052222,31.743833,0.747518737410776,0.518651225802224,-7.09087034740749,1.39864104353847,0.693830401628067,0,0,0,0,0,0,0,0,0,0,0,0,0,0,0,0,0,0,0.277217162653667,0.151160770797014,1.10625867948067,0.572591477190051,1.68242361707021,0.686332057850129,0.756647396833686,0,6.23141147073091
US-Wi4,-91.16625,46.73933333,1.66925209322463,0,NaN,NaN,0,0,0,0,0,0,0,0,0,0,0,0,0,0,1.66925209322463,0,0,0,0,0,0,0,0,0,0,0,0,5.50044315391541
US-Wkg,-109.94188,31.736527,0.60350357731959,0.31771667778236,-24.8272654432753,3.56641934268859,0.526453677695617,0,0,0,0,0,0,0,0,0,0,0,0,0,0,0,0.412840724921149,0.269385788958975,0.804837159367878,0.851002465355285,0.330697173881922,0.294266911654049,0.479575618563899,1.25998117181602,0.797521061034967,0.534927697641761,0,6.62384443488151
ZA-Kru,31.4969,-25.0197,4.02345662544585,3.96612508658534,7.02120130667478,20.1126500936635,0.985750675551485,0,0,0,0,0,0,0,0,0,0,0,0,0,7.44419568583232,10.6210269508607,4.210234192352,0,0,3.41846555350908,2.95542061630556,0.535846722972157,0,-1.0209933437109,0,0,0,6.76025962831723
ZM-Mon,23.25277778,-15.43777778,1.22333779181717,0,-20.3494113651022,0,0,0,0,0,0,0,0,0,0,0,0,0,0,0,0,0,0,0,0,1.22333779181717,0,0,0,0,0,0,0,5.07272105725889
